{"schema":5,"addons":[{"id":"{81BF1D23-5F17-408D-AC6B-BD6DF7CAF670}","icons":{"32":"https://addons.cdn.mozilla.net/user-media/addon_icons/3/3863-32.png?modified=1430396044","64":"https://addons.cdn.mozilla.net/user-media/addon_icons/3/3863-64.png?modified=1430396044"},"name":"iMacros for Firefox","type":"extension","version":"8.9.4","repositoryStatus":4,"creator":{"name":"iMacros","url":"https://addons.mozilla.org/zh-CN/firefox/user/iMacros/?src=api"},"description":"如果你喜欢FireFox网页浏览器，但是厌倦了重复性的任务比如每天访问相同的网站，填写表单，记忆密码，那么iMacros（Firefox版）就是你梦想的解决方案! iMacros设计用来自动执行网页上最具重复性的任务。如果有什么行动你需要重复，只需在iMacros中记录它。下次你需要做它时，只需点击一个按钮整个宏就会运行！有了iMacros，你就可以轻松快速的填写表单，记忆密码，从其它网站下载信息，抓取网页（从多个网站中获取信息），还有更多。你可以在你的计算机上保留宏供自己使用，或者将它们放入网页，博客，公司内部网或者如何社交书签服务和其他人一起分享。使用的极限只取决与你的想象力！*** 任何你用FireFox做的，iMacros都可以自动执行它。***","fullDescription":"这里有些范例关于你如何使用iMacros自动操作你的网页浏览器，记录和执行重复工作。\n\n(1)表单填写和密码管理\n使用iMacros（Firefox版），你就不在需要每天查看相同的网站，记忆密码，填写表单。iMacros是唯一的能够自动填写跨越一些网页的网页表单的填写器。所以信息以人力可读的纯文本文件储存，便于编辑。密码采用256位AES加密方式。用户只需要记录一个管理者密码而iMacros则记住全部其他的，并提供真正的自动登陆体验，能够击败企业级的单登陆（SSO）解决方案。\n\n(2)自动下载和上传\niMacros可以自动执行下载图片、文件或者整个页面（具有或者具有图片）。在另一个方向，它可以自动上传数据到网站。iMacros包括用户代理切换，PDF下载，以及Flash、广告和图片屏蔽功能。当和Javascript组合控制时，记录的宏可以执行非常复杂的任务。\n\n(3)数据采集，网页抓取/开采和企业数据重组\niMacros的采集命令可以自动从一个网站上读取数据并导出到CSV文件-填写表单的对面。iMacros支持完全的Unicode可以工作在任何语言，包括多字节语言比如汉语。你可以使用该功能下载股票信息，搜集和比较网页商店价格，还有更多。\n\n(4) 网页测试\n网页专业人员可以使用iMacros对网页应用进行功能、性能和回归测试。内建的断点查看命令可以精确的捕捉网页反应时间。iMacros也可以支持许多AJAX元素。\n\n(5) 社交脚本（社交书签）\n和你朋友、同伴分享喜爱的iMacros 很容易。只要右击宏将其添加做书签，或者选择“随处运行”并将整个宏嵌入到一个简单链接，你就可以将链接发给其他人，或者嵌入到你的主页、博客或者公司内部网。无需告诉你的网站访客如何填写表单，让iMacros为他们做。所以的信息都以文本字符串存放在链接里，没有任何东西放在我们的服务器，这就是iMacros为什么在内部网也可以工作。到del.icio.us/imacros/imacro.查看一个范例。\n\n(6) 其它用途\n还有更多的使用iMacros，请访问www.iopus.com/imacros/firefox或我们的支持论坛forum.iopus.com。\niMacros是极度通用的并可以和其他扩展组合，比如Greasemonkey、Web Developer、 Firebug、 Download Statusbar、和 Adblock。\n\niMacros（Firefox版）对于个人和商业使用均免费。今天下载插件开始简化你的网页任务和其他人分享你的宏。\n\n无论你用Firefox做什么，iMacros都可以自动操作它。","isPlatformCompatible":true,"eula":null,"screenshots":[{"url":"https://addons.cdn.mozilla.net/user-media/previews/full/10/10472.png?src=api&modified=1331247702","thumbnailURL":"https://addons.cdn.mozilla.net/user-media/previews/thumbs/10/10472.png?src=api&modified=1331247702","caption":"iMacros for Firefox"},{"url":"https://addons.cdn.mozilla.net/user-media/previews/full/10/10446.png?src=api&modified=1331247702","thumbnailURL":"https://addons.cdn.mozilla.net/user-media/previews/thumbs/10/10446.png?src=api&modified=1331247702","caption":"iMacros Sidebar (Press F8 to show or hide it)"},{"url":"https://addons.cdn.mozilla.net/user-media/previews/full/10/10654.png?src=api&modified=1331247702","thumbnailURL":"https://addons.cdn.mozilla.net/user-media/previews/thumbs/10/10654.png?src=api&modified=1331247702","caption":"Right-click to delete or rename the Internet macros"},{"url":"https://addons.cdn.mozilla.net/user-media/previews/full/10/10712.png?src=api&modified=1331247702","thumbnailURL":"https://addons.cdn.mozilla.net/user-media/previews/thumbs/10/10712.png?src=api&modified=1331247702","caption":"All activity is recorded in human-readable, html-like commands with full Unicode support."},{"url":"https://addons.cdn.mozilla.net/user-media/previews/full/10/10989.png?src=api&modified=1331247702","thumbnailURL":"https://addons.cdn.mozilla.net/user-media/previews/thumbs/10/10989.png?src=api&modified=1331247702","caption":"For maximum security, iMacros uses the Firefox Password Manager and stores passwords with 256-bit AES encryption."},{"url":"https://addons.cdn.mozilla.net/user-media/previews/full/14/14818.png?src=api&modified=1331247702","thumbnailURL":"https://addons.cdn.mozilla.net/user-media/previews/thumbs/14/14818.png?src=api&modified=1331247702","caption":"Add a reference to iMacros to your bookmarks or create a link with a \"built-in\" macro. You can email this link to your friends or colleagues and they can run the macro by just clicking on the link."},{"url":"https://addons.cdn.mozilla.net/user-media/previews/full/27/27139.png?src=api&modified=1331247702","width":"700","height":"479","thumbnailURL":"https://addons.cdn.mozilla.net/user-media/previews/thumbs/27/27139.png?src=api&modified=1331247702","thumbnailWidth":"200","thumbnailHeight":"137","caption":"iMacros on the Mac"},{"url":"https://addons.cdn.mozilla.net/user-media/previews/full/27/27140.png?src=api&modified=1331247702","width":"526","height":"226","thumbnailURL":"https://addons.cdn.mozilla.net/user-media/previews/thumbs/27/27140.png?src=api&modified=1331247702","thumbnailWidth":"200","thumbnailHeight":"85","caption":"Use iMacros as super bookmarks, and automate not only the login but the complete task (login, saving reports, uploading files,...)."},{"url":"https://addons.cdn.mozilla.net/user-media/previews/full/40/40297.png?src=api&modified=1331247702","width":"700","height":"331","thumbnailURL":"https://addons.cdn.mozilla.net/user-media/previews/thumbs/40/40297.png?src=api&modified=1331247702","thumbnailWidth":"200","thumbnailHeight":"94","caption":"iMacros Reviews"}],"averageRating":4,"learnmoreURL":"https://addons.mozilla.org/zh-CN/firefox/addon/imacros-for-firefox/?src=api","homepageURL":"http://www.iopus.com/imacros/firefox/?ref=fxmoz_zh-cn","sourceURI":"https://addons.mozilla.org/firefox/downloads/file/354744/imacros_for_firefox-8.9.4-fx.xpi?src=api","size":307032,"developerComments":"--------------------------------\nFIND A BUG OR NEED HELP? Please post your feedback at http://forum.imacros.net/viewforum.php?f=11 so we can help you, rather than reporting it here.\n--------------------------------","reviewURL":"https://addons.mozilla.org/zh-CN/firefox/addon/imacros-for-firefox/reviews/?src=api","reviewCount":382,"totalDownloads":13633129,"weeklyDownloads":37094,"dailyUsers":441992,"updateDate":1443094246000,"supportURL":"http://forum.imacros.net/viewforum.php?f=11"},{"id":"{dc572301-7619-498c-a57d-39143191b318}","icons":{"32":"https://addons.cdn.mozilla.net/user-media/addon_icons/1/1122-32.png?modified=1441136274","64":"https://addons.cdn.mozilla.net/user-media/addon_icons/1/1122-64.png?modified=1441136274"},"compatibilityOverrides":[{"type":"incompatible","minVersion":"0","maxVersion":"0.4.0.3","appID":"{ec8030f7-c20a-464f-9b0e-13a3a9e97384}","appMinVersion":"17.0","appMaxVersion":"*"}],"name":"Tab Mix Plus","type":"extension","version":"0.4.1.9","repositoryStatus":4,"creator":{"name":"onemen","url":"https://addons.mozilla.org/zh-CN/firefox/user/onemen/?src=api"},"developers":[{"name":"Gary Reyes","url":"https://addons.mozilla.org/zh-CN/firefox/user/gary-reyes/?src=api"}],"description":"Tab Mix Plus 加强Firefox 的标签页浏览功能。它包括的功能有复制标签、集中控制标签、标签点击选项卡、撤销关闭的标签和窗口等等。它还包括一个功能全面的会话管理器。","fullDescription":"Tab Mix Plus 加强Firefox 的标签页浏览功能。它包括的功能有复制标签、集中控制标签、标签点击选项卡、撤销关闭的标签和窗口等等。它还包括一个带有崩溃恢复功能，能够保存和恢复打开的标签和窗口组合的功能全面的会话管理器","isPlatformCompatible":true,"eula":null,"screenshots":[{"url":"https://addons.cdn.mozilla.net/user-media/previews/full/4/4307.png?src=api&modified=1331247702","thumbnailURL":"https://addons.cdn.mozilla.net/user-media/previews/thumbs/4/4307.png?src=api&modified=1331247702","caption":"Tab Mix Plus"},{"url":"https://addons.cdn.mozilla.net/user-media/previews/full/4/4310.png?src=api&modified=1331247702","thumbnailURL":"https://addons.cdn.mozilla.net/user-media/previews/thumbs/4/4310.png?src=api&modified=1331247702","caption":"There are tons of easy to use options available."},{"url":"https://addons.cdn.mozilla.net/user-media/previews/full/4/4322.png?src=api&modified=1331247702","thumbnailURL":"https://addons.cdn.mozilla.net/user-media/previews/thumbs/4/4322.png?src=api&modified=1331247702","caption":"Change the look and feel of tabs."},{"url":"https://addons.cdn.mozilla.net/user-media/previews/full/4/4323.png?src=api&modified=1331247702","thumbnailURL":"https://addons.cdn.mozilla.net/user-media/previews/thumbs/4/4323.png?src=api&modified=1331247702","caption":"Customize the tab context menu."},{"url":"https://addons.cdn.mozilla.net/user-media/previews/full/4/4326.png?src=api&modified=1331247702","thumbnailURL":"https://addons.cdn.mozilla.net/user-media/previews/thumbs/4/4326.png?src=api&modified=1331247702","caption":"Toolbar buttons are provided for the simplest of tasks."}],"averageRating":4,"learnmoreURL":"https://addons.mozilla.org/zh-CN/firefox/addon/tab-mix-plus/?src=api","homepageURL":"http://tmp.garyr.net","sourceURI":"https://addons.mozilla.org/firefox/downloads/file/342584/tab_mix_plus-0.4.1.9-fx.xpi?src=api","size":833919,"contributionURL":"https://addons.mozilla.org/zh-CN/firefox/addon/tab-mix-plus/developers?src=api","contributionAmount":"US$10.00","developerComments":"报告bug请到我们论坛上的 [难题&疑问][1]\n[1] http://tmp.garyr.net/forum/viewforum.php?f=2\n\n您也可以查看我们的 [故障提示][2]\n[2] http://tmp.garyr.net/forum/viewtopic.php?t=11023\n\n您也可以试用我们的beta版本 http://tmp.garyr.net/tab_mix_plus-dev-build.xpi","reviewURL":"https://addons.mozilla.org/zh-CN/firefox/addon/tab-mix-plus/reviews/?src=api","reviewCount":2545,"totalDownloads":23260571,"weeklyDownloads":18326,"dailyUsers":960848,"updateDate":1441131840000,"supportURL":"http://tmp.garyr.net/forum"}]}