{"nextId":3,"logins":[{"id":1,"hostname":"chrome://imacros","httpRealm":null,"formSubmitURL":"iMacros master password","usernameField":"","passwordField":"","encryptedUsername":"MDIEEPgAAAAAAAAAAAAAAAAAAAEwFAYIKoZIhvcNAwcECJxAaEobxUP1BAhN0CPNSlhnIQ==","encryptedPassword":"MDIEEPgAAAAAAAAAAAAAAAAAAAEwFAYIKoZIhvcNAwcECPhKhbbqE6P5BAin3Z1EEoz65A==","guid":"{73bb526c-7c82-426f-b0bc-09a0523ad1d0}","encType":1,"timeCreated":1445858431956,"timeLastUsed":1445858431956,"timePasswordChanged":1445858431956,"timesUsed":1},{"id":2,"hostname":"http://pan.baidu.com","httpRealm":null,"formSubmitURL":"http://pan.baidu.com","usernameField":"userName","passwordField":"password","encryptedUsername":"MDoEEPgAAAAAAAAAAAAAAAAAAAEwFAYIKoZIhvcNAwcECNSibGYTptH4BBA8TFqSrlCX8vn8XQsIEjBs","encryptedPassword":"MDoEEPgAAAAAAAAAAAAAAAAAAAEwFAYIKoZIhvcNAwcECEng+KBmPTwuBBDc4gjtdBo8JSuiiDOahZTO","guid":"{ce1f3628-f3ad-42f4-92af-4e01351955a2}","encType":1,"timeCreated":1445858971145,"timeLastUsed":1445858971145,"timePasswordChanged":1445858971145,"timesUsed":1}],"disabledHosts":[],"version":1}